Original Article Name,Final Tweet
147861341.you-think-you-need-to-invest-in-paid.txt,"Many entrepreneurs mistakenly believe that paid ads are the only way to achieve growth, which can limit their strategies. Before diving in, explore other avenues for expansion!"
147861341.you-think-you-need-to-invest-in-paid.txt,"The advertising landscape has changed dramatically. Competing today is like joining the NBA: it s intense, costly, and requires sharp skills. Are you ready for this challenge?"
147861341.you-think-you-need-to-invest-in-paid.txt,"Instead of solely investing in ads, diversify your approach. There are numerous strategies available to grow your business without breaking the bank!"
147861341.you-think-you-need-to-invest-in-paid.txt,"If you operate in a sensitive industry, be mindful of the advertising regulations that may impact your campaigns. Always verify platform guidelines before launching!"
147861341.you-think-you-need-to-invest-in-paid.txt,Not every product can bear the expense of paid advertising. Analyze your margins and pricing to determine if your ROI justifies the investment. It could save you a substantial amount!
150903074.the-4-types-of-personalities-in-client.txt,"Building trust with clients is essential, especially in challenging moments. It's about controlling the narrative when they need it most, and understanding this can transform your client relationships."
150903074.the-4-types-of-personalities-in-client.txt,"Insight into client personalities is a game changer. Knowing who you're dealing with enhances every interaction, from managing a boss to strategizing with investors. This knowledge paves the way for stronger business relationships."
150903074.the-4-types-of-personalities-in-client.txt,"Meet the Bulldozer: critical and nitpicky, but this doesn t have to be a roadblock. Showcase your expertise with clear strategies to turn their scrutiny into trust and confidence. Transparency in your approach is key."
150903074.the-4-types-of-personalities-in-client.txt,"The People Pleaser may hold back concerns until it's too late. Keep the lines of communication open, set clear goals, and involve higher-ups to align expectations. Proactive communication can prevent issues down the road."
150903074.the-4-types-of-personalities-in-client.txt,"For the Silent Partner, it's all about the numbers. These analytical souls appreciate regular updates and clear metrics to keep them informed. Consistent communication fosters a strong, results-driven partnership."
149267981.5-issues-with-ai-content-and-how.txt,AI-generated content can often lack depth due to repetition. Start with a structured outline to guide your AI this will enhance clarity and coherence.
149267981.5-issues-with-ai-content-and-how.txt,"Be cautious! AI may confidently present unverified claims, so it s essential to substantiate your content with reliable sources. Fact-checking is crucial for credibility."
149267981.5-issues-with-ai-content-and-how.txt,"If you're struggling with brand voice, keep in mind that AI may not understand your tone inherently. Provide examples of your brand s content to help achieve the ideal alignment."
149267981.5-issues-with-ai-content-and-how.txt,"Never overlook the human touch! AI often misses personal insights, but including anecdotes can make your content resonate more deeply with readers."
149267981.5-issues-with-ai-content-and-how.txt,"Lastly, AI can sometimes err in grammar and phrasing. Always utilize grammar-check tools to ensure your writing reflects professionalism and high quality."
150491676.how-ai-will-transform-the-sales-industry.txt,"AI is transforming the sales landscape in unprecedented ways, ushering in a new era of automation and productivity that drives success."
150491676.how-ai-will-transform-the-sales-industry.txt,Are you tired of wasting precious time? A surprising 64.8% of sales reps get bogged down by non-revenue activities. It s time to let AI streamline your lead generation and reclaim your focus.
150491676.how-ai-will-transform-the-sales-industry.txt,"Did you know that the average company takes 42 hours to respond to leads? That s a huge missed opportunity! By using instant outreach tools, you can significantly boost your lead qualification rates. Remember, speed is essential!"
150491676.how-ai-will-transform-the-sales-industry.txt,"Only 13% of businesses are customizing their sales experiences. With AI, you can tap into a potential 40% increase in revenue through hyper-personalized outreach. It s time to elevate your approach!"
150491676.how-ai-will-transform-the-sales-industry.txt,"The future is already here! Picture AI identifying cold prospects, automating outreach, and personalizing meetings effortlessly. This is not just a vision; it s the direction in which sales is headed!"
